{"cameraMode":{"drawMode":0,"name":"Shaded","section":"Shading Mode"},"sceneLighting":true,"audioPlay":false,"sceneViewState":{"showFog":true,"showMaterialUpdate":false,"showSkybox":true,"showFlares":true,"showImageEffects":true,"showParticleSystems":true},"in2DMode":false,"pivot":{"x":-1.2560077905654908,"y":0.43407514691352847,"z":0.9090262651443481},"rotation":{"x":0.0060896193608641628,"y":0.9929021596908569,"z":-0.058459650725126269,"w":0.10343578457832337},"size":0.669011116027832,"orthographic":false}