{"cameraMode":{"drawMode":0,"name":"Shaded","section":"Shading Mode"},"sceneLighting":true,"audioPlay":false,"sceneViewState":{"showFog":true,"showMaterialUpdate":false,"showSkybox":true,"showFlares":true,"showImageEffects":true,"showParticleSystems":true},"in2DMode":false,"pivot":{"x":-1.1743199825286866,"y":0.4012112617492676,"z":-0.4688813090324402},"rotation":{"x":0.004585431423038244,"y":0.9938202500343323,"z":-0.04475098103284836,"w":0.10172244906425476},"size":2.2862982749938967,"orthographic":false}