{"cameraMode":{"drawMode":0,"name":"Shaded","section":"Shading Mode"},"sceneLighting":true,"audioPlay":false,"sceneViewState":{"showFog":true,"showMaterialUpdate":false,"showSkybox":true,"showFlares":true,"showImageEffects":true,"showParticleSystems":true},"in2DMode":false,"pivot":{"x":4.271506309509277,"y":0.4242563843727112,"z":-10.828160285949707},"rotation":{"x":-0.0011871600290760398,"y":-0.9769191741943359,"z":0.004343200474977493,"w":-0.21453967690467835},"size":13.90674114227295,"orthographic":false}